type/image,m1,m2,m3,m4,
001.jpg,0.898508,0.910131,0.957064,0.957435,
002.jpg,0.898508,0.910131,0.957064,0.957435,
003.jpg,0.898508,0.910131,0.957064,0.957435,
Done!
